id,password,last_login,is_superuser,username,last_name,email,is_staff,is_active,date_joined,first_name
2,pbkdf2_sha256$1000000$jCkMIthNzLpu8F79xPJgGZ$E5VZKkMc1QXOlROWKC8v62s7iWSamVub+50jzW7hTM0=,NULL,0,user1,First,user1@mail.ru,0,1,2025-11-15 10:20:20,User
3,pbkdf2_sha256$1000000$3x8Zoan2RWOR1jm45kkQV8$G6rp3QtBIqZ//VbhxDuxQrUw0/xLNv5jOPzXXqj18hI=,NULL,0,user2,Second,user2@mail.ru,0,1,2025-11-15 10:22:08,User
4,pbkdf2_sha256$1000000$6g2TadfAxWIJ1dXIjR0NAl$15+um5Wyi2TTI3uxhrmNTo8Uv5rwgwMz031ZiOQwJ0Q=,NULL,0,user3,Third,user3@mail.ru,0,1,2025-11-15 10:23:40,User
5,pbkdf2_sha256$1000000$2087CSZWUuTGlLCZZwevVM$JxVPeJIBKquDjJ8h4dAjSY+ZOSa4ygUbBPuNhB7bb5A=,NULL,0,user4,Fourth,user4@mail.ru,0,1,2025-11-15 10:24:21,User
6,pbkdf2_sha256$1000000$k7mZvd6pEnvLxaC7AvCF0v$Ygl05ai4MkqS+gBqjUgr/4Vw7GaOVzjv+7P5p9Tnt84=,NULL,0,user5,Fifth,user5@mail.ru,0,1,2025-11-15 10:25:16,User
7,pbkdf2_sha256$1000000$B1BCACsDkbXYfGZ5j4VgxK$8X8eAqRZAP+Abi5uHkHoM3dNv1J95Ya38fO8DzfpBdE=,NULL,0,user6,Six,user6@mail.ru,0,1,2025-11-15 10:26:11,User
8,pbkdf2_sha256$1000000$PFZUAgbRoQDX9joMJcKUu0$OVO0wOTY8xcJdyOMAsryAW3Kzyhf5IthA3y3S8pLIzc=,NULL,0,user7,Seven,user7@mail.ru,0,1,2025-11-15 10:26:48,User
9,pbkdf2_sha256$1000000$kaoBSFBpZ7X6S15UCZKDQq$RZ3Rg1GtlUhkK/agEIz44plmFKWyQ+zbVy1gAsAJ+gk=,NULL,0,user8,Eight,user8@mail.ru,0,1,2025-11-15 10:27:30,User
10,pbkdf2_sha256$1000000$fBgpZAa7xV7SsUTYIzVHqv$NO1Z+zlGhCv/Hs67BtawxaCwhs14pIlspWUBkjMetdg=,NULL,0,user9,Nine,user9@mail.ru,0,1,2025-11-15 10:28:08,User
11,pbkdf2_sha256$1000000$W6Zbpq0B3HNUsksjQMKZAG$WNdR52kAR6EhoKc+SGqm3frXUE/tAX/h+u36OS0yDME=,NULL,0,user10,Ten,user10@mail.ru,0,1,2025-11-15 10:28:57,User
12,pbkdf2_sha256$1000000$HALKhJHs8gVnVqesmJeNBA$LSA2PwTARofhr/jeVtPFb2rsTxzE/rWdAUbT8Q7gHJk=,NULL,0,user11,Eleven,user11@mail.ru,0,1,2025-11-15 10:29:36,User
13,pbkdf2_sha256$1000000$EnFPmHshZAooF3C8baogoO$JZj33zSeSK+v73tErmVJcHLQsJdcGPzwWdMo+uaim20=,NULL,0,user12,Twelve,user12@mail.ru,0,1,2025-11-15 10:30:16,User
14,pbkdf2_sha256$1000000$utGv0jRrTpeEkAEevjF26R$FlR1b+SQVfsp9Vk+z9LR1O7T4gR6xf0yC5JpnQ4hTxk=,NULL,0,user13,Onethree,user13@mail.ru,0,1,2025-11-15 10:30:51,User
15,pbkdf2_sha256$1000000$5ynTDvoLrE9j0UwYnzjHe3$oianl1v0x89UTsk2qgg17489abpcCuvCqfavPebHFgY=,NULL,0,user14,Onefour,user14@mail.ru,0,1,2025-11-15 10:31:46,User
16,pbkdf2_sha256$1000000$CFcLCYiJYkoSyHt88pcMC1$7w3u6+aezE4PKCgRBkced+ShJ8zhAQ5RhL6PrN7e0Oo=,NULL,0,user15,Onefive,user15@mail.ru,0,1,2025-11-15 10:32:37,User
17,pbkdf2_sha256$1000000$eaCutSVrPHLOu24qoqCuZn$/TDJMQo0ssNRhU5/iGw9/M95+77h3PCDpyrAcWnDAMg=,NULL,0,user16,Onesix,user16@mail.ru,0,1,2025-11-15 10:33:14,User
18,pbkdf2_sha256$1000000$S4x6sIuBZNGtnLGdI691fY$C+jWJVuPVaDidGuOreGee6AM8/Y5zTPOvDpP/ug0sFk=,NULL,0,user17,Oneseven,user17@mail.ru,0,1,2025-11-15 10:33:44,User
19,pbkdf2_sha256$1000000$8oiNlxACTHxAwb7hl9k09K$zzLY5vUdpkF7ATqOkmz3mCo0R9BoQnj693sjRRqDtZE=,NULL,0,user18,Oneeight,user18@mail.ru,0,1,2025-11-15 10:34:23,User
20,pbkdf2_sha256$1000000$zib2lwZHooL5cb4RLqRmrX$3YYptptlJ4zOBe3VEOhhtF6RjmNNEsQM4q6bTiidoOo=,NULL,0,user19,Onenine,user19@mail.ru,0,1,2025-11-15 10:34:54,User
21,pbkdf2_sha256$1000000$uMvfgKVHN67CnfKiOpZt27$Acejr9XExqLqmAVybVv0DjFmc3Xpb23Sh8SvlgcW2Zk=,NULL,0,user20,Twozero,user20@mail.ru,0,1,2025-11-15 10:35:36,User
22,pbkdf2_sha256$1000000$K7CPcXBVOI4p9EW5YhxsnW$L5dl1O++zmDSiXzZy2EqT3irGcOYXB9et/36gDCEn14=,NULL,0,user21,Twoone,user21@mail.ru,0,1,2025-11-15 10:36:17,User
23,pbkdf2_sha256$1000000$w0utlJvcwDljDblYQa9XZp$Tin6XgKqtaWFSMfBHOEL+M9uVqx6hu4wGEv/DKpa3NE=,NULL,0,user22,Doubletwo,user22@mail.ru,0,1,2025-11-15 10:36:47,User
24,pbkdf2_sha256$1000000$dPBSvUW62oZUG5q5Pcn86A$GqWZzPl5PxBzbmWTY1ZR06Grfkk5EcOXqZyJXZEKpyg=,NULL,0,user23,Twothree,user23@mail.ru,0,1,2025-11-15 10:37:25,User
25,pbkdf2_sha256$1000000$0HphVeAk9MtoEb3WMJsdhD$c1paiulziCvE5zwMMhYaRDONJDHEqV+EYPM+ZUrTiO0=,NULL,0,user24,Twodoubletwo,user24@mail.ru,0,1,2025-11-15 10:37:54,User
26,pbkdf2_sha256$1000000$pAwoddVqa018SZxyZd0scH$RpMP86r5Xjh3kV7i+ZHEVaml48b9aLYTyB8NGbh48vc=,NULL,0,user25,Twonumbfive,user25@mail.ru,0,1,2025-11-15 10:38:38,User
27,pbkdf2_sha256$1000000$5POdc3gN0abOUgKQF915MP$wjkQGHe/UrXKucFDRoJAyAYIrMBml2ju4Hn3mJ125mQ=,NULL,0,user26,Twonumbthree,user26@mail.ru,0,1,2025-11-15 10:39:21,User
